Weaknesses,Strengths,Overcoming Challenge,Valuable Advice/Opinion,Challenging Situation
"Perfectionism, tendency to overthink.","Time management, adaptability.",Managed it by prioritizing tasks and working efficiently.,Stay focused and break down tasks.,Dealing with a tight deadline for a project.
Lack of contingency planning.,"Strong domain knowledge, communication skills.",Seeking assistance from colleagues.,Always have a backup plan.,Technical glitch during a presentation.
"Impatience, tendency to avoid confrontation.","Conflict resolution, patience.",Active listening and finding common ground.,Empathize and find win-win solutions.,Handling a difficult client.
"Perfectionism, tendency to overthink.","Time management, adaptability.","Yes, managed it by prioritizing tasks and working efficiently.",Stay focused and break down tasks.,Dealing with a tight deadline for a project.
Lack of contingency planning.,"Strong domain knowledge, communication skills.","No, due to lack of backup plan.",Always have a backup plan.,Technical glitch during a presentation.
"Impatience, tendency to avoid confrontation.","Conflict resolution, patience.","Yes, by active listening and finding common ground.",Empathize and find win-win solutions.,Handling a difficult client.
"Difficulty in asserting authority, avoiding confrontations.","Leadership, mediation skills.","Yes, by fostering open communication and conflict resolution workshops.",Address conflicts early and encourage understanding.,Managing a team with conflicting personalities.
"Difficulty in letting go of original plans, tendency to resist change.","Adaptability, problem-solving.","Yes, by quickly reassessing priorities and reallocating resources.",Be flexible and ready to pivot when necessary.,Adapting to a sudden change in project requirements.
Tendency to micromanage.,"Leadership, crisis management.","Yes, by staying calm and delegating tasks effectively.",Lead by example and maintain open communication.,Managing a team during a crisis.
Impatience with slow progress.,"Quick learner, determination.","Yes, by practicing consistently and seeking online resources.",Break down complex concepts into smaller parts.,Learning a new programming language.
Occasional perfectionism.,"Adaptability, problem-solving skills.","By prioritizing tasks, collaborating with team members, and maintaining a positive attitude.","Effective communication is key. Regularly update the team, address concerns, and foster a supportive environment.",Handling a major project deadline with limited resources.
"Fear of hurting someone's feelings, difficulty delivering negative feedback.","Communication, empathy.","Focused on specific behaviors, provided actionable suggestions, and offered positive reinforcement.","Focus on the behavior, not the person, be respectful and specific, and offer support alongside criticism.",Giving constructive feedback to a colleague.
"Difficulty saying no, tendency to compromise too easily.","Negotiation skills, strategic thinking.","Researched thoroughly, prepared counteroffers, and focused on win-win solutions.","Know your worth, practice negotiation skills, and be prepared to walk away if needed.",Negotiating a difficult contract or deal.
"Difficulty with confrontation, avoiding tough conversations.","Conflict resolution, leadership.","Facilitated open communication, mediated disagreements constructively, and focused on finding solutions.","Practice active listening, focus on empathy, and prioritize team unity.",Leading a team through a conflict.
"Resistance to change, fear of the unknown.","Flexibility, lifelong learning.","Embraced continuous learning, remained flexible, and sought out new opportunities.","Stay curious, be open to change, and build strong adaptability skills.",Adapting to a rapidly changing work environment.
"Technical jargon, information overload.","Explainability, audience awareness.","Used visuals, simplified language, and focused on key takeaways.","Tailor communication to the audience's level, focus on storytelling, and practice your presentation beforehand.",Presenting complex data to a non-technical audience.
"Multitasking tendencies, difficulty saying no.","Organization, time management.","Prioritized tasks, used time management techniques, and learned to delegate.","Set realistic goals, create a schedule, and don't be afraid to say no to new commitments.",Managing time effectively with multiple commitments.
"Frustration with setbacks, difficulty asking for help.","Perseverance, problem-solving.","Broke down problems into smaller steps, sought help from online communities, and celebrated small successes.","Be patient, practice consistently, and don't be afraid to ask for help.",Learning to code and facing technical difficulties.
"Workaholic tendencies, difficulty disconnecting.","Self-awareness, time management.","Set boundaries, scheduled time for relaxation, and learned to disconnect from work.","Prioritize self-care, disconnect from work outside of work hours, and communicate boundaries clearly.",Maintaining a healthy work-life balance.
"Difficulty dealing with conflict, fear of retaliation.","Assertiveness, resilience.","Documented inappropriate behavior, set clear boundaries, and sought support from HR or a trusted colleague.","Know your rights, document everything, and prioritize your mental health.",Dealing with a toxic coworker or boss.
"Stage fright, anxiety.","Performance skills, courage.","Practiced deep breathing exercises, visualized success, and focused on connecting with the audience.","Prepare well, practice relaxation techniques, and remember the audience wants you to succeed.",Overcoming stage fright during a performance.
"Nerves, self-doubt.","Communication, public speaking skills.","Prepared thoroughly, used humor to ease tension, and focused on delivering a clear message.","Practice beforehand, know your audience, and don't be afraid to show your personality.",Public speaking in front of a large audience.
"Impatience, perfectionism.","Dedication, self-motivation.","Set realistic goals, focused on consistent practice, and celebrated small achievements.","Be patient, find a learning method you enjoy, and don't compare your progress to others.",Learning a new language and feeling discouraged by slow progress.
"Fear of exceeding budget, difficulty setting boundaries.","Resourcefulness, problem-solving.","Got creative with resources, prioritized essential tasks, and negotiated effectively with stakeholders.","Plan carefully, be resourceful, and communicate openly with stakeholders.",Managing a project with a limited budget.
"Procrastination, difficulty staying focused.","Self-discipline, initiative.","Set clear goals, broke down tasks into manageable steps, and rewarded myself for achieving milestones.","Develop a strong work ethic, create a structured routine, and connect with a community for support.",Working independently and staying motivated.
"Stress under pressure, tendency to procrastinate.","Adaptability, quick thinking.","Focused on the most important points, used storytelling techniques, and practiced under time constraints.","Know your material well, be flexible, and don't be afraid to ask for help with preparation.",Giving a presentation with limited time to prepare.
"Dominating discussions, difficulty handling conflict.","Facilitation, collaboration.","Created a safe and inclusive environment, used open-ended questions, and valued all ideas.","Set clear goals for the session, use icebreakers to get everyone involved, and build on each other's ideas.",Leading a brainstorming session and encouraging participation.
"Fear of confrontation, difficulty delivering critical feedback.","Communication, critical thinking.","Focused on specific behaviors, offered constructive suggestions, and framed feedback in a positive light.","Be respectful and professional, focus on solutions, and offer to support implementation.",Giving feedback to a manager or supervisor.
"Taking criticism personally, difficulty saying no to unreasonable demands.","Customer service, problem-solving.","Actively listened to the customer's concerns, offered a sincere apology, and went the extra mile to resolve the issue.","Emphasize empathy and understanding, offer multiple solutions, and follow up to ensure satisfaction.",Dealing with a customer complaint and exceeding expectations.
"Fear of failure, perfectionism.","Openness to learning, growth mindset.","Embraced challenges, practiced consistently, and sought feedback from experts.","Start small, celebrate small wins, and don't be afraid to make mistakes.",Learning a new skill outside of your comfort zone.
"Blurring work and personal life boundaries, difficulty disconnecting.","Time management, self-discipline.","Set clear boundaries, scheduled dedicated work time, and created a comfortable home office environment.","Communicate your boundaries clearly, avoid checking work outside of hours, and take breaks to move and relax.",Maintaining a healthy work-life balance while working remotely.
"Ethnocentrism, difficulty navigating cultural differences.","Cultural awareness, adaptability.","Learned about different cultural norms, practiced active listening, and focused on building trust and respect.","Be open-minded, appreciate diverse perspectives, and communicate clearly and directly.",Working effectively in a cross-cultural team.
"Difficulty with difficult conversations, fear of hurting feelings.","Communication, empathy.","Prepared carefully, delivered the message respectfully and empathetically, and offered support.","Be honest and direct, focus on facts and avoid sugarcoating, and offer resources or solutions if possible.",Delivering bad news to a colleague or client.
"Self-doubt, fear of failure.","Courage, resilience.","Challenged negative thoughts, focused on strengths and past successes, and sought support from mentors.","Practice positive self-affirmations, visualize success, and don't be afraid to step outside your comfort zone.",Overcoming self-doubt and taking on a new challenge.
"Susceptibility to boredom, difficulty staying focused on long-term goals.","Perseverance, organization.","Broke down the project into smaller milestones, celebrated achievements along the way, and found ways to keep the work engaging.","Set realistic goals, track progress, and reward yourself for completing milestones. Find a work-life balance and maintain personal interests to avoid burnout.",Maintaining motivation while working on a long-term project.
"Difficulty navigating complex social dynamics, tendency to avoid conflict.","Emotional intelligence, diplomacy.","Focused on professionalism, avoided gossip, and built genuine connections with colleagues.","Be respectful and supportive, build trust by keeping your word, and focus on your own performance.",Navigating office politics and building positive relationships.
"Difficulty managing time zones, potential for miscommunication due to cultural differences.","Adaptability, cross-cultural competence, strong communication skills.","Established clear communication guidelines, fostered a sense of community, and promoted cultural sensitivity.","Be patient, show empathy, and provide opportunities for team members to share their perspectives.",Managing a remote team with diverse cultural backgrounds and ensuring effective collaboration.
"Difficulty delegating tasks, tendency to micromanage.","Technical expertise, strong leadership skills, ability to motivate team members.","Demonstrated technical competence, built trust through transparency, and empowered team members to make decisions.","Be authentic, show respect, and provide opportunities for professional growth.",Transitioning from a technical role to a management position and leading a team of experts.
"Difficulty managing stress, tendency to overlook smaller details.","Time management, problem-solving, adaptability.","Prioritized tasks, delegated responsibilities effectively, and maintained open communication with stakeholders.","Break down complex tasks into manageable parts, be flexible, and focus on delivering quality results.",Handling a high-pressure project with tight deadlines and limited resources.
"Difficulty managing change, tendency to overlook employee needs.","Employee engagement, strong leadership skills, ability to motivate team members.","Provided opportunities for professional growth, offered competitive compensation, and fostered a positive work environment.","Invest in employee development, show appreciation, and provide a clear career path.",Managing a high-turnover department and retaining top talent.
"Difficulty managing change, potential for miscommunication due to cultural differences.","Adaptability, cross-cultural competence, strong communication skills.","Communicated openly, demonstrated empathy, and fostered a sense of unity among team members.","Be patient, show respect, and provide opportunities for team members to share their perspectives.",Navigating a merger or acquisition and integrating two teams with different cultures and processes.
"Difficulty managing change, tendency to overlook employee needs.","Adaptability, strong communication skills, ability to motivate team members.","Communicated openly, demonstrated empathy, and provided opportunities for team members to share their perspectives.","Be patient, show respect, and provide opportunities for team members to share their perspectives.",Leading a team through a significant organizational change and maintaining productivity.
"Struggles with delegation, tendency to overanalyze decisions.","Strategic thinking, empathy, effective communication.","Established clear communication guidelines, fostered a sense of community, and promoted respect for individual differences.","Listen actively, show empathy, and lead by example. Seek feedback and be open to change.",Managing a team with diverse personalities and ensuring effective collaboration.
"Difficulty managing conflict, tendency to avoid difficult conversations.","Strategic thinking, empathy, effective communication.","Provided clear feedback, demonstrated empathy, and offered support and resources for improvement.","Be patient, show respect, and provide opportunities for team members to share their perspectives.",Handling a difficult employee and addressing performance issues in a constructive manner.
"Struggles with delegation, tendency to overanalyze decisions.","Strategic thinking, empathy, effective communication.","Established clear communication guidelines, fostered a sense of community, and promoted respect for individual differences.","Listen actively, show empathy, and lead by example. Seek feedback and be open to change.",Leading a team through a period of rapid growth and ensuring effective communication and collaboration.
"Struggles with delegation, tendency to overanalyze decisions.","Strategic thinking, empathy, effective communication.","Established clear communication guidelines, fostered a sense of community, and promoted respect for individual differences.","Listen actively, show empathy, and lead by example. Seek feedback and be open to change.",Managing a team with diverse skill sets and ensuring effective collaboration and productivity.
"Difficulty making tough decisions, tendency to avoid confrontation.","Conflict resolution, emotional intelligence, effective communication.","Encouraged open communication, facilitated conflict resolution, and promoted a positive team culture.","Be patient, show empathy, and provide opportunities for team members to share their perspectives.",Managing a team with conflicting personalities and resolving conflicts effectively.
"Difficulty managing stress, tendency to overlook smaller details.","Time management, problem-solving, adaptability.","Prioritized tasks, delegated responsibilities effectively, and maintained open communication with stakeholders.","Break down complex tasks into manageable parts, be flexible, and focus on delivering quality results.",Managing a team with limited resources and ensuring productivity.
"Struggles with delegation, tendency to overanalyze decisions.","Strategic thinking, empathy, effective communication.","Established clear communication guidelines, fostered a sense of community, and promoted respect for individual differences.","Listen actively, show empathy, and lead by example. Seek feedback and be open to change.",Managing a team with diverse work styles and ensuring effective collaboration.
"Difficulty managing time, tendency to overlook employee needs.","Employee development, strong leadership skills, ability to motivate team members.","Provided clear guidance, offered support and resources for improvement, and fostered a positive learning environment.","Invest in employee development, show appreciation, and provide a clear career path.",Managing a team with limited experience and ensuring effective training and development.
"Difficulty managing stress, tendency to overlook smaller details.","Project management, problem-solving, adaptability.","Established clear project goals, delegated responsibilities effectively, and maintained open communication with stakeholders.","Break down complex tasks into manageable parts, be flexible, and focus on delivering quality results.",Managing a team with conflicting priorities and ensuring effective project management.
"Difficulty managing change, tendency to overlook employee needs.","Employee engagement, strong leadership skills, ability to motivate team members.","Provided opportunities for professional growth, offered support and resources for improvement, and fostered a positive work environment.","Invest in employee development, show appreciation, and provide a clear career path.",Managing a team with limited motivation and ensuring effective engagement.
"Difficulty managing stress, tendency to overlook smaller details.","Budget management, problem-solving, adaptability.","Prioritized tasks, delegated responsibilities effectively, and maintained open communication with stakeholders.","Break down complex tasks into manageable parts, be flexible, and focus on delivering quality results.",Managing a team with limited resources and ensuring effective budget management.
"Difficulty managing stress, tendency to overlook smaller details.","Time management, problem-solving, adaptability.","Prioritized tasks, delegated responsibilities effectively, and maintained open communication with stakeholders.","Break down complex tasks into manageable parts, be flexible, and focus on delivering quality results.",Managing a team with limited time and ensuring effective time management.
"Struggles with delegation, tendency to overanalyze decisions.","Strategic thinking, empathy, effective communication.","Established clear communication guidelines, fostered a sense of community, and promoted respect for individual differences.","Listen actively, show empathy, and lead by example. Seek feedback and be open to change.",Managing a team with limited communication and ensuring effective collaboration.
"Difficulty navigating complex social dynamics, tendency to avoid conflict.","Emotional intelligence, diplomacy, effective communication.","Demonstrated competence and integrity, built genuine connections with team members, and fostered a positive team culture.","Be respectful and supportive, build trust by keeping your word, and focus on your own performance.",Managing a team with limited trust and ensuring effective relationship-building.
"Difficulty managing stress, tendency to overlook smaller details.","Strategic thinking, effective communication, conflict resolution.","Established clear project goals, facilitated open communication, and promoted a sense of shared purpose.","Be patient, show empathy, and provide opportunities for team members to share their perspectives.",Managing a team with conflicting goals and ensuring effective alignment.
"Difficulty managing time, tendency to micromanage.","Delegation, employee development, strong leadership skills.","Provided clear guidance, delegated responsibilities effectively, and fostered a sense of trust and accountability.","Invest in employee development, show appreciation, and provide a clear career path.",Managing a team with limited autonomy and ensuring effective delegation.
"Difficulty managing change, tendency to overlook employee needs.","Employee engagement, strong leadership skills, ability to motivate team members.","Provided opportunities for professional growth, offered support and resources for improvement, and fostered a positive work environment.","Invest in employee development, show appreciation, and provide a clear career path.",Managing a team with limited buy-in and ensuring effective engagement.
"Difficulty navigating complex social dynamics, tendency to avoid conflict.","Emotional intelligence, diplomacy, effective communication.","Demonstrated competence and integrity, built genuine connections with team members, and fostered a positive team culture.","Be respectful and supportive, build trust by keeping your word, and focus on your own performance.",Managing a team with limited trust and ensuring effective relationship-building.
"Difficulty managing stress, tendency to overlook smaller details.","Budget management, problem-solving, adaptability.","Prioritized tasks, delegated responsibilities effectively, and maintained open communication with stakeholders.","Break down complex tasks into manageable parts, be flexible, and focus on delivering quality results.",Managing a team with limited resources and ensuring effective budget management.
"Difficulty managing time, tendency to overlook employee needs.","Employee development, strong leadership skills, ability to motivate team members.","Provided clear guidance, offered support and resources for improvement, and fostered a positive learning environment.","Invest in employee development, show appreciation, and provide a clear career path.",Managing a team with limited experience and ensuring effective training and development.
"Struggles with delegation, tendency to overanalyze decisions.","Strategic thinking, empathy, effective communication.","Established clear communication guidelines, fostered a sense of community, and promoted respect for individual differences.","Listen actively, show empathy, and lead by example. Seek feedback and be open to change.",Managing a team with limited communication and ensuring effective collaboration.
"Difficulty managing change, tendency to overlook employee needs.","Employee engagement, strong leadership skills, ability to motivate team members.","Provided opportunities for professional growth, offered support and resources for improvement, and fostered a positive work environment.","Invest in employee development, show appreciation, and provide a clear career path.",Managing a team with limited motivation and ensuring effective engagement.
"Difficulty managing stress, tendency to overlook smaller details.","Time management, problem-solving, adaptability.","Prioritized tasks, delegated responsibilities effectively, and maintained open communication with stakeholders.","Break down complex tasks into manageable parts, be flexible, and focus on delivering quality results.",Managing a team with limited resources and ensuring productivity.
"Difficulty managing stress, tendency to overlook smaller details.","Time management, problem-solving, adaptability.","Prioritized tasks, delegated responsibilities effectively, and maintained open communication with stakeholders.","Break down complex tasks into manageable parts, be flexible, and focus on delivering quality results.",Managing a team with limited time and ensuring effective time management.
"Potential for overlooking operational details, tendency to overcommit resources.","Market analysis, strategic planning, customer relationship management.","Conducted thorough market research, tailored marketing strategies, and built strong customer relationships.","Be adaptable, listen to customer feedback, and continuously innovate.",Adapting to a new market and ensuring successful product launch.
"Potential for overlooking non-critical regulations, tendency to overcomplicate processes.","Legal acumen, process optimization, staff training.","Engaged legal experts, implemented robust compliance processes, and provided comprehensive staff training.","Stay informed about regulatory changes, prioritize transparency, and foster a culture of compliance.",Navigating a complex regulatory environment and ensuring compliance.
"Potential for cultural missteps, tendency to underestimate cultural differences.","Cultural intelligence, talent acquisition, product localization.","Conducted cultural sensitivity training, hired local talent, and customized products/services to local preferences.","Respect local customs, seek local partnerships, and be open to feedback from local staff and customers.",Expanding into new geographic markets and ensuring cultural adaptation.
"Potential for underestimating training needs, tendency to over-rely on technology.","Training and development, change management, innovation.","Conducted comprehensive training, provided ongoing support, and fostered a culture of technological innovation.","Prioritize user experience, seek feedback from end-users, and continuously improve the technology.",Introducing a new technology and ensuring successful integration.
"Potential for overlooking operational details, tendency to overcommit resources.","Market analysis, strategic planning, partnership development.","Conducted market research, developed targeted marketing strategies, and built strategic partnerships.","Stay agile, listen to customer feedback, and continuously assess market trends.",Diversifying product offerings and ensuring effective market positioning.
"Potential for underestimating resistance to change, tendency to overcommunicate.","Change management, communication, training and development.","Communicated openly, provided training and support, and actively involved employees in the change process.","Prioritize transparency, seek employee input, and provide ongoing support and training.",Implementing a new organizational structure and ensuring smooth change management.
"Potential for overlooking operational details, tendency to overcommit resources.","Market analysis, brand development, strategic planning.","Conducted comprehensive market research, developed a strong brand identity, and implemented targeted marketing strategies.","Stay true to brand values, seek customer feedback, and continuously innovate.",Developing a new brand and ensuring successful market penetration.
"Potential for underestimating resistance to change, tendency to overcomplicate processes.","Quality management, training and development, process optimization.","Engaged quality experts, conducted comprehensive training, and implemented robust quality processes.","Prioritize continuous improvement, seek employee input, and provide ongoing support and training.",Implementing a new quality management system and ensuring successful certification.
"Potential for underestimating training needs, tendency to over-rely on technology.","Sales training and development, change management, innovation.","Conducted comprehensive sales training, provided ongoing support, and fostered a culture of sales excellence.","Prioritize customer relationships, seek feedback from sales staff, and continuously assess market trends.",Developing a new sales strategy and ensuring successful implementation.
"Potential for underestimating resistance to change, tendency to overcomplicate processes.","Sustainability management, training and development, process optimization.","Engaged sustainability experts, provided comprehensive training, and implemented robust sustainability processes.","Prioritize transparency, seek employee input, and provide ongoing support and training.",Introducing a new sustainability initiative and ensuring successful adoption.
"Potential for overlooking non-critical sustainability issues, tendency to overcomplicate processes.","Sustainability management, ethical sourcing, research and analysis.","Partnering with certified fair trade organizations, establishing direct trade relationships, and promoting fair trade practices.","Prioritize sustainability and ethical sourcing, enhance transparency and traceability, and commit to effective research.",Ensuring sustainable and ethical sourcing of tea leaves.
"Potential for overlooking non-critical trends, tendency to overcommit resources.","Market analysis, innovation, social media marketing.","Conducting effective market research, offering diverse tea and tisane offerings, and partnering with tea-related social media influencers.","Stay agile, keep up with trends and data analytics, and focus on adapting to the evolving market.",Adapting to shifting consumer trends and demands in the tea industry.
"Potential for overlooking non-critical community needs, tendency to overcomplicate processes.","Community development, partnership building, marketing.","Partnering with corporations, businesses, and individuals, providing training and technical assistance, and enhancing marketing campaigns.","Focus on improving literacy rates, advocating for a living wage, and collaborating with government agencies.",Improving the overall livelihood of tea communities and alleviating poverty in tea-growing regions.
"Potential for overlooking operational details, tendency to overcommit resources.","Market analysis, strategic planning, customer relationship management.","Conducted thorough market research, tailored marketing strategies, and built strong customer relationships.","Be adaptable, listen to customer feedback, and continuously innovate.",Adapting to a new market and ensuring successful product launch.
"Potential for overlooking non-critical regulations, tendency to overcomplicate processes.","Legal acumen, process optimization, staff training.","Engaged legal experts, implemented robust compliance processes, and provided comprehensive staff training.","Stay informed about regulatory changes, prioritize transparency, and foster a culture of compliance.",Navigating a complex regulatory environment and ensuring compliance.
"Potential for cultural missteps, tendency to underestimate cultural differences.","Cultural intelligence, talent acquisition, product localization.","Conducted cultural sensitivity training, hired local talent, and customized products/services to local preferences.","Respect local customs, seek local partnerships, and be open to feedback from local staff and customers.",Expanding into new geographic markets and ensuring cultural adaptation.
"Potential for underestimating training needs, tendency to over-rely on technology.","Training and development, change management, innovation.","Conducted comprehensive training, provided ongoing support, and fostered a culture of technological innovation.","Prioritize user experience, seek feedback from end-users, and continuously improve the technology.",Introducing a new technology and ensuring successful integration.
"Potential for overlooking operational details, tendency to overcommit resources.","Market analysis, strategic planning, partnership development.","Conducted market research, developed targeted marketing strategies, and built strategic partnerships.","Stay agile, listen to customer feedback, and continuously assess market trends.",Diversifying product offerings and ensuring effective market positioning.
"Potential for underestimating resistance to change, tendency to overcommunicate.","Change management, communication, training and development.","Communicated openly, provided training and support, and actively involved employees in the change process.","Prioritize transparency, seek employee input, and provide ongoing support and training.",Implementing a new organizational structure and ensuring smooth change management.
"Potential for overlooking operational details, tendency to overcommit resources.","Market analysis, brand development, strategic planning.","Conducted comprehensive market research, developed a strong brand identity, and implemented targeted marketing strategies.","Stay true to brand values, seek customer feedback, and continuously innovate.",Developing a new brand and ensuring successful market penetration.
"Potential for underestimating resistance to change, tendency to overcomplicate processes.","Quality management, training and development, process optimization.","Engaged quality experts, conducted comprehensive training, and implemented robust quality processes.","Prioritize continuous improvement, seek employee input, and provide ongoing support and training.",Implementing a new quality management system and ensuring successful certification.
"Potential for underestimating training needs, tendency to over-rely on technology.","Sales training and development, change management, innovation.","Conducted comprehensive sales training, provided ongoing support, and fostered a culture of sales excellence.","Prioritize customer relationships, seek feedback from sales staff, and continuously assess market trends.",Developing a new sales strategy and ensuring successful implementation.
