label,text
,
"Time management, adaptability.",Managed it by prioritizing tasks and working efficiently.
,
"Strong domain knowledge, communication skills.",Seeking assistance from colleagues.
,
"Conflict resolution, patience.",Active listening and finding common ground.
,
"Time management, adaptability.","Yes, managed it by prioritizing tasks and working efficiently."
,
"Strong domain knowledge, communication skills.","No, due to lack of backup plan."
,
"Conflict resolution, patience.","Yes, by active listening and finding common ground."
,
"Leadership, mediation skills.","Yes, by fostering open communication and conflict resolution workshops."
,
"Adaptability, problem-solving.","Yes, by quickly reassessing priorities and reallocating resources."
,
"Leadership, crisis management.","Yes, by staying calm and delegating tasks effectively."
,
"Quick learner, determination.","Yes, by practicing consistently and seeking online resources."
,
"Adaptability, problem-solving skills.","By prioritizing tasks, collaborating with team members, and maintaining a positive attitude."
,
"Communication, empathy.","Focused on specific behaviors, provided actionable suggestions, and offered positive reinforcement."
,
"Negotiation skills, strategic thinking.","Researched thoroughly, prepared counteroffers, and focused on win-win solutions."
,
"Conflict resolution, leadership.","Facilitated open communication, mediated disagreements constructively, and focused on finding solutions."
,
"Flexibility, lifelong learning.","Embraced continuous learning, remained flexible, and sought out new opportunities."
,
"Explainability, audience awareness.","Used visuals, simplified language, and focused on key takeaways."
,
"Organization, time management.","Prioritized tasks, used time management techniques, and learned to delegate."
,
"Perseverance, problem-solving.","Broke down problems into smaller steps, sought help from online communities, and celebrated small successes."
,
"Self-awareness, time management.","Set boundaries, scheduled time for relaxation, and learned to disconnect from work."
,
"Assertiveness, resilience.","Documented inappropriate behavior, set clear boundaries, and sought support from HR or a trusted colleague."
,
"Performance skills, courage.","Practiced deep breathing exercises, visualized success, and focused on connecting with the audience."
,
"Communication, public speaking skills.","Prepared thoroughly, used humor to ease tension, and focused on delivering a clear message."
,
"Dedication, self-motivation.","Set realistic goals, focused on consistent practice, and celebrated small achievements."
,
"Resourcefulness, problem-solving.","Got creative with resources, prioritized essential tasks, and negotiated effectively with stakeholders."
,
"Self-discipline, initiative.","Set clear goals, broke down tasks into manageable steps, and rewarded myself for achieving milestones."
,
"Adaptability, quick thinking.","Focused on the most important points, used storytelling techniques, and practiced under time constraints."
,
"Facilitation, collaboration.","Created a safe and inclusive environment, used open-ended questions, and valued all ideas."
,
"Communication, critical thinking.","Focused on specific behaviors, offered constructive suggestions, and framed feedback in a positive light."
,
"Customer service, problem-solving.","Actively listened to the customer's concerns, offered a sincere apology, and went the extra mile to resolve the issue."
,
"Openness to learning, growth mindset.","Embraced challenges, practiced consistently, and sought feedback from experts."
,
"Time management, self-discipline.","Set clear boundaries, scheduled dedicated work time, and created a comfortable home office environment."
,
"Cultural awareness, adaptability.","Learned about different cultural norms, practiced active listening, and focused on building trust and respect."
,
"Communication, empathy.","Prepared carefully, delivered the message respectfully and empathetically, and offered support."
,
"Courage, resilience.","Challenged negative thoughts, focused on strengths and past successes, and sought support from mentors."
,
"Perseverance, organization.","Broke down the project into smaller milestones, celebrated achievements along the way, and found ways to keep the work engaging."
,
"Emotional intelligence, diplomacy.","Focused on professionalism, avoided gossip, and built genuine connections with colleagues."
,
"Adaptability, cross-cultural competence, strong communication skills.","Established clear communication guidelines, fostered a sense of community, and promoted cultural sensitivity."
,
"Technical expertise, strong leadership skills, ability to motivate team members.","Demonstrated technical competence, built trust through transparency, and empowered team members to make decisions."
,
"Time management, problem-solving, adaptability.","Prioritized tasks, delegated responsibilities effectively, and maintained open communication with stakeholders."
,
"Employee engagement, strong leadership skills, ability to motivate team members.","Provided opportunities for professional growth, offered competitive compensation, and fostered a positive work environment."
,
"Adaptability, cross-cultural competence, strong communication skills.","Communicated openly, demonstrated empathy, and fostered a sense of unity among team members."
,
"Adaptability, strong communication skills, ability to motivate team members.","Communicated openly, demonstrated empathy, and provided opportunities for team members to share their perspectives."
,
"Strategic thinking, empathy, effective communication.","Established clear communication guidelines, fostered a sense of community, and promoted respect for individual differences."
,
"Strategic thinking, empathy, effective communication.","Provided clear feedback, demonstrated empathy, and offered support and resources for improvement."
,
"Strategic thinking, empathy, effective communication.","Established clear communication guidelines, fostered a sense of community, and promoted respect for individual differences."
,
"Strategic thinking, empathy, effective communication.","Established clear communication guidelines, fostered a sense of community, and promoted respect for individual differences."
,
"Conflict resolution, emotional intelligence, effective communication.","Encouraged open communication, facilitated conflict resolution, and promoted a positive team culture."
,
"Time management, problem-solving, adaptability.","Prioritized tasks, delegated responsibilities effectively, and maintained open communication with stakeholders."
,
"Strategic thinking, empathy, effective communication.","Established clear communication guidelines, fostered a sense of community, and promoted respect for individual differences."
,
"Employee development, strong leadership skills, ability to motivate team members.","Provided clear guidance, offered support and resources for improvement, and fostered a positive learning environment."
,
"Project management, problem-solving, adaptability.","Established clear project goals, delegated responsibilities effectively, and maintained open communication with stakeholders."
,
"Employee engagement, strong leadership skills, ability to motivate team members.","Provided opportunities for professional growth, offered support and resources for improvement, and fostered a positive work environment."
,
"Budget management, problem-solving, adaptability.","Prioritized tasks, delegated responsibilities effectively, and maintained open communication with stakeholders."
,
"Time management, problem-solving, adaptability.","Prioritized tasks, delegated responsibilities effectively, and maintained open communication with stakeholders."
,
"Strategic thinking, empathy, effective communication.","Established clear communication guidelines, fostered a sense of community, and promoted respect for individual differences."
,
"Emotional intelligence, diplomacy, effective communication.","Demonstrated competence and integrity, built genuine connections with team members, and fostered a positive team culture."
,
"Strategic thinking, effective communication, conflict resolution.","Established clear project goals, facilitated open communication, and promoted a sense of shared purpose."
,
"Delegation, employee development, strong leadership skills.","Provided clear guidance, delegated responsibilities effectively, and fostered a sense of trust and accountability."
,
"Employee engagement, strong leadership skills, ability to motivate team members.","Provided opportunities for professional growth, offered support and resources for improvement, and fostered a positive work environment."
,
"Emotional intelligence, diplomacy, effective communication.","Demonstrated competence and integrity, built genuine connections with team members, and fostered a positive team culture."
,
"Budget management, problem-solving, adaptability.","Prioritized tasks, delegated responsibilities effectively, and maintained open communication with stakeholders."
,
"Employee development, strong leadership skills, ability to motivate team members.","Provided clear guidance, offered support and resources for improvement, and fostered a positive learning environment."
,
"Strategic thinking, empathy, effective communication.","Established clear communication guidelines, fostered a sense of community, and promoted respect for individual differences."
,
"Employee engagement, strong leadership skills, ability to motivate team members.","Provided opportunities for professional growth, offered support and resources for improvement, and fostered a positive work environment."
,
"Time management, problem-solving, adaptability.","Prioritized tasks, delegated responsibilities effectively, and maintained open communication with stakeholders."
,
"Time management, problem-solving, adaptability.","Prioritized tasks, delegated responsibilities effectively, and maintained open communication with stakeholders."
,
"Market analysis, strategic planning, customer relationship management.","Conducted thorough market research, tailored marketing strategies, and built strong customer relationships."
,
"Legal acumen, process optimization, staff training.","Engaged legal experts, implemented robust compliance processes, and provided comprehensive staff training."
,
"Cultural intelligence, talent acquisition, product localization.","Conducted cultural sensitivity training, hired local talent, and customized products/services to local preferences."
,
"Training and development, change management, innovation.","Conducted comprehensive training, provided ongoing support, and fostered a culture of technological innovation."
,
"Market analysis, strategic planning, partnership development.","Conducted market research, developed targeted marketing strategies, and built strategic partnerships."
,
"Change management, communication, training and development.","Communicated openly, provided training and support, and actively involved employees in the change process."
,
"Market analysis, brand development, strategic planning.","Conducted comprehensive market research, developed a strong brand identity, and implemented targeted marketing strategies."
,
"Quality management, training and development, process optimization.","Engaged quality experts, conducted comprehensive training, and implemented robust quality processes."
,
"Sales training and development, change management, innovation.","Conducted comprehensive sales training, provided ongoing support, and fostered a culture of sales excellence."
,
"Sustainability management, training and development, process optimization.","Engaged sustainability experts, provided comprehensive training, and implemented robust sustainability processes."
,
"Sustainability management, ethical sourcing, research and analysis.","Partnering with certified fair trade organizations, establishing direct trade relationships, and promoting fair trade practices."
,
"Market analysis, innovation, social media marketing.","Conducting effective market research, offering diverse tea and tisane offerings, and partnering with tea-related social media influencers."
,
"Community development, partnership building, marketing.","Partnering with corporations, businesses, and individuals, providing training and technical assistance, and enhancing marketing campaigns."
,
"Market analysis, strategic planning, customer relationship management.","Conducted thorough market research, tailored marketing strategies, and built strong customer relationships."
,
"Legal acumen, process optimization, staff training.","Engaged legal experts, implemented robust compliance processes, and provided comprehensive staff training."
,
"Cultural intelligence, talent acquisition, product localization.","Conducted cultural sensitivity training, hired local talent, and customized products/services to local preferences."
,
"Training and development, change management, innovation.","Conducted comprehensive training, provided ongoing support, and fostered a culture of technological innovation."
,
"Market analysis, strategic planning, partnership development.","Conducted market research, developed targeted marketing strategies, and built strategic partnerships."
,
"Change management, communication, training and development.","Communicated openly, provided training and support, and actively involved employees in the change process."
,
"Market analysis, brand development, strategic planning.","Conducted comprehensive market research, developed a strong brand identity, and implemented targeted marketing strategies."
,
"Quality management, training and development, process optimization.","Engaged quality experts, conducted comprehensive training, and implemented robust quality processes."
,
"Sales training and development, change management, innovation.","Conducted comprehensive sales training, provided ongoing support, and fostered a culture of sales excellence."